,Sentence,Language_code
0,cha angani Galileo kilipiga picha hii ya Ardhi na mwezi right|thumb|200px|Picha maarufu sana ya dunia yetu iliyopigwa na mwanaanga Mmarekani Bill Anders wakati wa safari ya Apollo 8 tarehe 24 Desemba 1968.,sw
1,Safari hii ilipeleka mara ya kwanza watu hadi uga wa graviti ya Mwezi na kuuzunguka.,sw
2,Mwezi ni gimba la angani linalozunguka sayari fulani.,sw
3,Kuna miezi mingi katika anga-nje.,sw
4,Vipindi vya kuonekana kwa mwezi wa Dunia vilisababisha matumizi ya mwezi kama majira ya wakati.,sw
5,Mabadiliko ya kuonekana kwake yalisababisha katika Kiswahili neno mwezi litumike kama kipindi cha wakati.,sw
6,Awamu zake nne pengine ndizo chanzo cha majuma ya siku sabasaba.,sw
7,Miezi ya sayariSayari inaweza kukosa mwezi au kuwa na miezi mingi.,sw
8,"Mshtarii ina miezi zaidi ya 60, mingine mikubwa kama sayari ndogo, mingine midogo yenye kipenyo cha km 1 tu.",sw
9,Dunia yetu ina mwezi mmoja tu.,sw
10,Utaridi haina mwezi.,sw
11,Mwezi hauna nuru ya kwake yenyewe bali unang'aa kutokana na nuru ya jua inayoakisiwa usoni mwake kama kwenye kioo.,sw
12,Sayari zenye miezi katika mfumo wa jua:Dunia: mwezi 1Mirihi: miezi 2Mshtarii: miezi 63Zohali: miezi 31Uranus: miezi 27Neptun: miezi 13Pluto: miezi 3Sayari zisizo na miezi katika mfumo wa jua:UtaridiZuhura (Ng'andu)thumb|right|200px|Awamu za mwezi katika kipindi cha mwezi wa kalendaMwezi wa Dunia yetuMwezi wa dunia yetu ni kati ya miezi mikubwa kwenye mfumo wa Jua.,sw
13,Hakuna jina tofauti kuliko Mwezi isipokuwa watu wametumia pia jina la Kilatini Luna wakitaja Mwezi wetu ili kuutofautisha na miezi ya sayari nyingine.,sw
14,Katika Wikipedia hi tunajitahidi kuandika Mwezi kwa gimba linalozunguka Dunia na mwezi kama habari inahusu sayari nyingine.,sw
15,Mwezi wetu huwa na umbo la tufe lakini si tufe kamili.,sw
16,"Kipenyo cha wastani ni kilomita 3,476 ambacho ni takribani robo ya kipenyo cha Dunia.",sw
17,Mwezi unazunguka dunia yetu kwenye obiti chenye umbo la duaradufu.,sw
18,"Umbali wake na Dunia ni baina ya kilomita 363,300 hadi 405,500 kutoka Dunia.",sw
19,"Huwa tunaangalia uso wake upande mmoja, tena uleule tu.",sw
20,Sababu yake ni ya kwamba mzunguko wa Mwezi kwenye mhimili wake ni sawa na kipindi cha obiti ya kuzunguka Dunia mara moja.,sw
21,"Kipindi cha obiti yake ni siku 27 , masaa 7, dakika 43 na sekunde 11.5.",sw
22,Upande wa nyuma wa Mwezi uko gizani wakati sisi tunaona mwezi mpevu.,sw
23,Wakati wa mwezi mwandamo kwetu upande wa nyuma unapokea nuru ya Jua. .Nuru ya Mwezi hautoki kwake bali ni nuru ya jua inayoakisiwa na uso wake.,sw
24,Uso wa Mwezi unajaa mashimo ya kasoko yaliyosababishwa kwa kugongwa na meteoridi.,sw
25,Mwezi hauna angahewa inayozuia mapigo ya meteoridi ndogo au kupunguzu nguvu yao jinsi ilivyo duniani.,sw
26, inayoonyesha umbali baina ya Dunia na Mwezi kulingana na ukubwa wake.,sw
27,"Umbali wa wastani baina ya Mwezi na Dunia ni kilomita 384,400.",sw
28,"Kipenyo cha Mwezi ni takriban robo moja ya kipenyo cha dunia. .Mwezi kama kipimo cha wakati|framed|none|Awamu za mwezi kuanzia mwezi mwandamo (1) kupitia hilali (2), robo ya kwanza, nusu mwezi, robo ya tatu, mwezi mpevu (5) hadi mwezi mwandamo tena Uso wa mwezi jinsi unavyoonekana duniani hubadilikabadilika.",sw
29,Mwezi mpevu unaonekana kama duara kamili la kung'aa lakini baada ya kuonekana hivi umbo linapungua kila siku hadi kutoonekana kabisa na hali hii huitwa mwezi mwandamo.,sw
30,Baadaye mwezi unaonekana tena kama hilali nyembamba na kuongezeka hadi kuwa duara tena.,sw
31,Muda wa mabadiliko yote kupita mara moja ni siku 29 na robo.,sw
32,Muda wa mabadiliko kati ya mwezi mwandamo hadi kupotea na kuwa mwezi mwandamo tena ni kati ya siku 28 hadi 29.,sw
33,Kipindi hiki kinakumbukwa kirahisi kinaonekana kwa watu wote.Hivyo muda wa kurudi kwa Mwezi ulikuwa kati ya vipimo vya kwanza vya wakati kwa binadamu pamoja na kipindi cha siku.,sw
34,Inawezekana kipimo cha siku saba katika juma kilianza kwa kuzingatia robo 4 za mwezi wenye siku 28.,sw
35,Awamu za mwezi zilikuwa vipindi vya kuhesabu wakati tangu mwanzo wa kalenda.,sw
36,Hadi leo kuna kalenda ya mwezi ambayo ni kalenda ya Kiislamu.,sw
37,Inapanga wakati kutokana na hali halisi ya awamu za mwezi.,sw
38,Safari kwenda mwezinithumb|right|180px|Nyayo za mwanaanga Edwin Aldrin (Apollo 11) mwezini.,sw
39,Mwezi wetu ni gimba la angani la kwanza ambako wanadamu wamefika.,sw
40,Tarehe 21 Julai 1969 mwanaanga Mmarekani Neil Armstrong alikuwa mtu wa kwanza wa kukanyaga uso wa mwezi.,sw
41,Wanaanga wengine 11 kutoka Marekani waliendelea kufika mwezini hadi mwaka 1972.Baadaye safari za kwenda mwezini hazikufanywa tena kutokana na gharama kubwa.,sw
42,Mwezi mali ya watu?,sw
43,"Hata kama Warusi na Wamarekani walifikisha bendera zao mwezini, hawadai kuwa na mali huko.",sw
44,Katika mkataba kuhusu anga-nje nchi 192 za Dunia zimekubaliana kuwa Mwezi utaangaliwa sawa na maeneo ya kimataifa ya bahari.,sw
45,Walikubaliana kuwa ni marufuku kupeleka silaha kali kama za nyuklia angani.,sw
46,"Mataifa mengi ya Dunia yametia sahihi mkataba huo, isipokuwa nchi chache hususan za Afrika ikiwemo Tanzania.",sw
47,Lakini kuna watu binafsi wanaodai kuwa na mali kwenye Mwezi.,sw
48,Tangu mwaka 1980 yupo Mwamerika mmoja aliyefaulu kuandikisha Mwezi kwa jina lake kwenye ofisi ya msajili wa viwanda mjini San Francisco akiendelea kuuza hati za kumiliki maeneo mwezini.,sw
49,Kuna pia familia moja pale Ujerumani iliyorithi hati ambako mfalme wa Prussia kwenye mwaka 1756 alitoa zawadi ya Mwezi kwa mzee wao.,sw
50,Taasisi ya Sheria ya Anga-Nje (International Institute of Space Law) ilitoa tamko kuwa madai haya hayana msingi wa kisheria .,sw
51,Vyanzo Jamii:Mfumo wa jua Jamii:Kiolwa cha angani Jamii:Mwezi,sw
52,"thumbnail|Jua pamoja na madoa yake jinsi yanavyoonekana kwa darubini Jua ni kitovu cha mfumo wa Jua wenye sayari nane, sayari vibete na magimba mengi madogo.",sw
53,Dunia ni sayari ya tatu katika mfumo huu.,sw
54,Jua ni nyota iliyo karibu na Dunia yetu kuliko nyota nyingine zote.,sw
55,Umbo la Jua Umbo la Jua linakaribia kuwa tufe kamili.,sw
56,Maada yake ni utegili yaani gesi ya joto sana inayoshikamanishwa na nguvu ya graviti.,sw
57,"Kipenyo cha Jua ni takriban kilomita 1,392,684 ambayo ni mara 109 kipenyo cha Dunia yetu.",sw
58,"Masi yake ni mara 330,000 ya masi ya Dunia.",sw
59,Kwa ujazo Jua ni kubwa mara milioni moja kuliko Dunia.,sw
60,Kikemia masi ya Jua ni hasa hidrojeni (73%) na heli (25%).,sw
61,"Kiasi kinachobaki ni elementi nzito zaidi, kama vile oksijeni, kaboni, chuma na nyingine.",sw
62,"Ingawa elementi nzito ni asilimia ndogo tu za masi ya Jua, kutokana na ukubwa wa Jua, elementi nzito zinalinganamara 5,000 na masi ya DuniaMuundo wa Jua 300px|thumb|Muundo wa Jua Muundo wa Jua hufanywa na kanda tatu:Kiini ambako atomi za hidrojeni zinayeyungana kutengeneza heli kutokana na hali ya shinikizo na joto kubwa mno; Ukanda wa myuko (convection zone) ambako joto la kiini linaendesha mizunguko ya utegili inayopeleka nishati kutokana kiinikwenda angahewa ya JuaUkanda wa angahewa ya Jua.",sw
63,Sehemu yake kubwa inaitwa tabakanuru (photosphere).,sw
64,Tabakanuru ni asili ya nuru na joto tunazopokea duniani.,sw
65,Sehemu ya nje ya angahewani korona inayoonekana tu wakati wa kupatwa kwa Jua.,sw
66,Historia ya Jua Tafiti mbalimbali zinaonesha kuwa Jua lilitokea takriban miaka bilioni 4.57 iliyopita katika wingu kubwa la molekuli za hidrojeni.,sw
67,Kama nyota zote Jua linapitia ngazi mbalimbali katika maisha yake.,sw
68,Wataalamu wengi hukadiria kwamba baada ya miaka bilioni 5 ijayo akiba ya hidrojeni katika kitovu cha Jua itapungua.,sw
69,Halafu Jua litapanuka sana na kuwa jitu jekundu.,sw
70,Katika hali hii inaweza kuenea hadi njia ya obiti ya Zuhura na hakuna nafasi tena kwa uhai kwenye Dunia kutokana na joto kali.,sw
71,"Wataalamu wanatofautiana katika makadirio yao kama upanuzi huu utasababisha pia kupotea kabisa kwa sayari za Utaridi, Mirihi na Dunia zikimezwa na kuingia ndani ya Jua.",sw
72,"Baada ya miaka bilioni kadhaa ya kuwaka kama jitu jekundu, masi yake itakuwa imepungua itajikaza na kuendelea kwa muda usio mrefu kama nyota ndogo na hafifu.",sw
73,Kuna uwezekano mkubwa wa kwamba Jua litaendelea baadaye kama nyota kibete nyeupe (White Dwarf) itakayoendelea kuzimika polepole.,sw
74,"Mnururisho na upepo wa Jua Jua linatoa mwanga, joto na mnururisho mwingine wa aina mbalimbali.",sw
75,Sehemu ya mnururisho huu unatoka kwa umbo la chembe kama protoni na elektroni ambazo kwa jumla hujulikana pia kama upepo wa Jua.,sw
76,Masi ya upepo wa Jua ni takriban tani moja kwa kila sekunde.,sw
77,Asili ya nishati hii ni mchakato wa myeyungano wa kinyuklia ndani yake.,sw
78,Katika myeyungano huo hidrojeni inabadilishwa kuwa heliamu.,sw
79,Elementi nyingine zinatokea pia kwa kiasi kidogo.,sw
80,Badiliko kutoka hidrojeni kwenda heliamu inaachisha nishati inayotoka kwenye Jua kwa njia ya mnururisho.,sw
81,Nishati ya mnururisho huu ni msingi wa maisha ya mimea na viumbe hai katika dunia.,sw
82,Nuru ya Jua inabadilishwa na mimea kwa njia ya usanisinuru kuwa nishati ya kikemia inayojenga miili yao itakayokuwa lishe tena ya mimea na wanyama.,sw
83,"Mambo yanayo athiri tabia ya nchi ya afrika mashariki Jua la utosi,upepo,mwinuko,mvua,uoto,bahari na maziwa ni mambo yanayoathiri tabia ya nchi ya Afrika Mashariki.",sw
84,"Jua la utosi Dunia yetu ina mistari ya kubuni inayowezesha kutambua maeneo mbalimbali kwa urahisi,mistari hiyo ni pamoja na mstari wa Ikweta,tropiki ya kansa na tropiki ya Kaprikoni Mstari wa Ikweta unaigawa dunia katika sehemu nbili za kaskazini na kusini,mstari huu una nyuzi 0 na unapita eneo la Afrika mashariki katika nchi za Kenya na Uganda.Mstari wa Tropiki ya kansa upo upande wa kaskazini mwa Ikweta.",sw
85,Mstari wa tropiki ya Kaprikoni Upo Kusini mwa Ikweta.,sw
86,"Kipindi ambacho jua la Utosi lipo Tropiki ya kansa ,eneo La Kizio cha Kaskazini Huwa na joto,kwa kuwa hewa ikipata joto hutanuka hivyo huwa na mgandamizo mdogo wa hewa.Pepo huvuma kuelekea huko.",sw
87,UpepoPepo hizi huvuma kutoka kusini-mashariki kuanzia mwezi desemba wakati jua la utosi linapokuwa tropiki ya kaprikoni kipindi hiki kizio cha kusini huwa na joto na Pepo huvuma kutoka kusini-mashariki.Pia hali hiyo husababisha mabadiliko ya upatikanaji wa mvua na hali ya joto katika eneo la Afrika Mashariki.,sw
88,"Maeneo ya Ikweta yana tabia ya Kiikweta ya kuwa na mvua nyingi na joto jingi.Kusini na Kaskazini mwa eneo lenye tabia ya Kiikweta kuna tabia ya kitropiki yenye majira mawili makuu ya mwaka.Majira hayo ya mwaka ni masika na kiangazi.Lakini katika maeneo ya pwani majira ya mwaka hugawanyika katika sehemu nne ambazo ni vuli,kipupwe,masika na kiangazi.",sw
89,MwinukoAfrika Mashariki ina mwinuko wa meta 0 kutoka usawa wa bahari hadi kufika meta 4600.Maeneo ya pwani mwinuko wake ni kuanzia meta 0 hadi meta 500 kutoka usawa wa bahari.,sw
90,Wastani wa jotoridi ni nyuzi za sentigredi 26.Joto hupungua kadiri unavyoelekea bara.Meta 1500 Kutoka usawa wa bahari ni nyuzi za sentigredi 22 ambapo ni wastani wa joto linalopatikana katika maeneo ya Tabora.Maeneo ya mlima mrefu kama kilimanjaro wenye urefu wa meta 5895 huwa na jotoridi la chini ya nyuzi za sentigredi 0Maziwa na bahariMaeneo yaliyo kandokando ya maziwa na bahari huwa na unyevunyevu na mvua nyingi.Mara nyingi maeneo yanayozunguka bahari na maziwa mfano Ziwa Viktoria na Bahari ya Hindi yana tabia ya nchi ya aina moja.Maeneo hayo kwa kawaida hupata mvua nyingi.,sw
91,Uoto wa misituMaeneo yenye misitu hupata mvua nyingi kwani mawingu huweza kufanyika kwa urahisi.Misitu hiyo pia huifadhi unyevu usipotee ardhini kwa urahisi kwa njia ya mvukizo.,sw
92,Pepo Pepo za msimu za Kaskazini-mashariki Huleta Mvua kidogo katika eneo kubwa la kenya na kaskazini mwa Tanzania.,sw
93,Pepo huvuma sambamba na pwani.Pepo hizi pia huvuma kutoka sehemu kubwa ya nchi kavu katika nchi ya Ethiopia na Sudani kabla ya kufika eneo la Afrika Mashariki.,sw
94,"TanbihiViungo vya Nje Nasa SOHO (Solar & Heliospheric Observatory) satelliteNational Solar ObservatoryAstronomy Cast: The SunA collection of spectacular images of the Sun from various institutions (The Boston Globe)Satellite observations of solar luminositySun|Trek, an educational website about the SunThe Swedish 1-meter Solar Telescope, SSTAn animated explanation of the structure of the Sun(University of Glamorgan)Animation – The Future of the SunSolar Conveyor Belt Speeds Up – NASA – images, link to report on ScienceNASA 5-year timelapse video of the SunSun in Ultra High Definition NASA 11 January 2015Album of images and videos by Seán Doran, based on SDO imageryJamii:Astronomia Jamii:Nyota Jamii:Kiolwa cha angani",sw
95,"thumbnail|260px|Dunia yetu (bofya pembetatu) thumbnail|Dunia jinsi inavyozunguka kwenye mstari wa mhimili wake Dunia (kutoka neno la Kiarabu دنيا ; wakati mwingine pia: ardhi na kwa neno asili la Kibantu ) ni gimba la angani ambapo juu yake tunaishi sisi binadamu na viumbehai wengine wengi, tukipata mahitaji yetu, kuanzia hewa ya kutufaa na maji.",sw
96,Dunia ni mojawapo ya sayari nane zinazozunguka Jua letu katika anga-nje.,sw
97,"Kati ya sayari za mfumo wa Jua, Dunia yetu ni sayari ya tatu kutoka kwa Jua.",sw
98,Masafa baina yake na jua ni kilomita milioni 150 au kizio astronomia 1.,sw
99,"Dunia huchukua siku 365.256 kulizunguka jua, na masaa 23.9345 kuuzunguka mhimili wake na upana wake ni kilomita 12,756.",sw
100,Dunia huwa na mwezi 1.,sw
101,Umri wa dunia hukadiriwa kuwa miaka bilioni 4.5.,sw
102,Ni mahali pekee katika ulimwengu panapojulikana kuna uhai ulioaminiwa kuanza miaka bilioni 3.5 iliyopita.,sw
103,Uhai unapatikana kwa spishi milioni 10-14 za viumbe hai pamoja na wanadamu waliokadiriwa kuwa sasa bilioni 7.2.,sw
104,Umbo la duniaUmbo la dunia linafanana na tufe au mpira unaozunguka kwenye mhimili wake.,sw
105,Mhimili wa dunia ni mstari kati ya ncha zake.,sw
106,Lakini si tufe kamili.,sw
107,"Ina uvimbe kidogo kwenye sehemu ya ikweta; ilhali umbali kati ya ncha mbili ni kilomita 12,713 lakini umbali kati ya sehemu za kinyume kwenye ikweta ni km 12,756, yaani kipenyo hiki kinazidi takriban kilomita 43 kipenyo kati ya ncha na ncha.",sw
108,Tofauti hii inasababishwa na mzunguko wa dunia.,sw
109,Kani nje inasukuma sehemu za ikweta nje zaidi.,sw
110,Kwa hiyo mahali duniani palipo karibu zaidi na anga-nje si Mlima Everest kwenye Himalaya bali mlima Chimborazo nchini Ekuador.,sw
111,thumbnail|Nusutufe ya dunia yenye maji mengi Kwenye uso wake dunia huwa na tofauti kati ya nusutufe zake mbili.,sw
112,Nusu moja ina eneo kubwa la mabara yaani nchi kavu ambayo ni asilimia 47 ya sehemu hii.,sw
113,Kinyume nusutufe nyingine inafunikwa na maji ya bahari na eneo la nchi kavu ni asilimia 11 pekee za maeneo yake.,sw
114,Kwa jumla dunia ni sayari pekee katika mfumo wa jua yenye maji katika hali ya kiowevu usoni mwake.,sw
115,Bahari kuu ya dunia inashika asilimia 96.5 ya maji yote yaliyopo duniani.,sw
116,Maji ya bahari huwa na asilimia 3.5 chumvi ndani yake.,sw
117,Kwa pamoja maeneo ya maji hufunika 70.7% za uso wa dunia.,sw
118,"Nchi kavu huwa na 29.3% na sehemu kubwa ya eneo la nchi kavu ni bara 7 za Asia, Afrika, Amerika Kaskazini, Amerika Kusini, Antarktika, Ulaya na Australia.",sw
119,(Ulaya inaweza kuangaliwa pia kama sehemu ya Asia ikiwa kama rasi yake ya magharibi.,sw
120,Azimio la kutazama Australia kama bara na Greenland kama kisiwa tu ni azimio la hiari si la lazima).,sw
121,"Maeneo ya bahari kuu ya dunia kwa kawaida hugawiwa kwa bahari kubwa 3 za Pasifiki, Atlantiki na Bahari Hindi.",sw
122,"Sehemu ya chini baharini iko kwenye Mfereji wa Mariana katika Pasifiki (mita 11,034 chini ya UB).",sw
123,"Kwa wastani bahari huwa na kina cha mita 3,800.",sw
124,Muundo wa dunia- taz.,sw
125,makala Muundo wa dunia - yaliyopo katika muundo wa dunia.,sw
126,Tumeona dunia ina umbo la mviringo au tufe.,sw
127,Tufe hilo si kipande kimoja kikubwa cha mwamba thabiti.,sw
128,Dunia ina muundo ndani yake.,sw
129,"Muundo huo unafanana kiasi na kitunguu, yaani dunia yetu imefanyika kwa matabaka mbalimbali yanayofuatana kutoka nje kwenda ndani.",sw
130,Kila moja lina tabia yake.,sw
131,Kimsingi wataalamu hutofautisha matabaka matatu ambayo ni: Ganda la dunia Koti la dunia Kiini cha duniaGanda la dunia ni sehemu imara na uhai wote tunaoujua unapatikana juu yake.,sw
132,"Katikati hali ya koti na ya kiini ni ya joto kubwa sana na maada yake hupatikana katika hali ya giligili (si imara, kuyeyushwa).",sw
133,Kila ukiingia ndani dunia inazidi kuwa ya moto mpaka ukifika ndani kabisa daraja ya harara hufikia nyuzi 5000-6000 °C.,sw
134,"Matabaka hayo yanafanywa kwa elementi za kikemia ambazo ni feri (chuma) (32,1 %), oksijeni (30,1 %), silisi (15,1 %), magnesi (13,9 %), sulfuri (2,9 %), nikeli (1,8 %), kalsi (1,5 %) na alumini (1,4 %).",sw
135,"Mabaki ya 1,2 % ni viwango vidogo vya elementi nyingine.",sw
136,Elementi hizo zinapatikana kwa hali safi au katika kampaundi za elementi.,sw
137,"Vipimo vimeonyesha ya kwamba matabaka mawili ya koti na kiini huwa tena na mgawanyiko ndani yake, hivyo matabaka yafuatayo yanaweza kutofautishwa.",sw
138,Sehemu ya juu ya koti inafanana kikemia na ganda na sehemu hizo mbili zinaitwa tabakamwamba.,sw
139,Tabakamwamba ina unene wa kilomita 50 - 100.,sw
140,Tabakamwamba imekatika katika vipande vinavyoitwa mabamba la gandunia.,sw
141,Vipande hivi vinaelea juu ya giligili ya koti la ndani.,sw
142,Ndiyo sababu bara lolote si la milele; kila bamba huwa na mwendo wake na ndiyo sababu katika historia ya dunia mabara yameachana na kuungana mara kadhaa.,sw
143,Kwa mfano imepimwa ya kwamba sehemu kubwa ya Afrika ya Mashariki ina mwendo wa kuachana na bara la Afrika na dalili yake ni bonde la ufa.,sw
144,"Pale ambako mabamba yanapakana, volkeno nyingi zinapatikana na matetemeko ya ardhi hutokea.",sw
145,Ugasumaku wa dunia450px|thumbnail|Mnururisho unavyotoka kwenye jua na kukengeushwa na mistari ya nguvu ya sumaku ya ugasumaku wa dunia Dunia inazungukwa na uga sumaku yaani mistari ya nguvu ya kisumaku.,sw
146,Sababu yake ni kwamba kiini cha dunia kinafanywa na chuma chenye tabia kama sumaku kubwa.,sw
147,Tabia hiyo inasababishwa na mwendo wa mikondo ya chuma cha moto kilichoyeyuka katika kiini cha nje cha dunia.,sw
148,Mistari ya nguvu ya sumaku inatoka nje kwenye ncha ya kusini na kurudi ndani ya dunia kwenye ncha ya kaskazini.,sw
149,Tabia hiyo ni msingi wa kazi ya dira ambamo sindano ya dira huvutwa daima na ncha sumaku ya dunia na kuelekea kaskazini muda wote.,sw
150,Ugasumaku wa dunia ni kinga muhimu kwa uhai wote duniani.,sw
151,Dunia inapigwa muda wote na mnururisho kutoka jua kwa njia ya upepo wa jua.,sw
152,Mnururisho huo ni nuru pamoja miale ya hatari.,sw
153,Ugasumaku unakengeusha sehemu kubwa ya mnururisho hatari hadi unapita kando ya dunia na kutofika kwenye uso wa dunia.,sw
154,Dunia kama mahali pa uhaiDunia yetu ni sayari pekee inayojulikana mpaka sasa ambapo binadamu na viumbe vingine vinaweza kuishi.,sw
155,Wanasayansi bado wanafanya ufafiti kujua kama kuna kuna viumbe hai kwenye sayari nyingine.,sw
156,Hapa kuna sababu mbili zinazofanya viumbehai kuishi dunianiːdunia yetu ina umbali na jua unaofaa kwa maisha kwa sababu sayari zilizoko karibu zaidi na jua (k.m.,sw
157,Zuhura) zina joto kubwa mno na sayari zilizoko mbali zaidi kama Mrihi ni baridi mno.,sw
158,"dunia yetu ina angahewa yenye asilimia 78 ya naitrojini, asilimia 21 ya oksijini na asilimia 1 ya aina nyinginezo za hewa, na kwa sababu hii uhai na maisha yanamakinika katika ardhi, kinyume na sayari nyinginezo.",sw
159,"Uso wa dunia Sehemu kubwa kabisa ya dunia inafunikwa na bahari, kwani takriban asilimia 70 ya uso wake unafunikwa na maji ya bahari na kutokana na maji yote yaliyokuwepo ardhini, asilimia 97 ni maji ya bahari, na asilimia 3 ni maji matamu.",sw
160,Theluthi inayobaki ni nchi kavu kwenye mabara mbalimali na visiwa vingi.,sw
161,"Sura ya dunia ni kilomita mraba 510,000,000, ikiwa nchi kavu imechukua eneo la kilomita mraba 149,430,000 na maji yamechukua eneo la kilomita mraba 360,570,000.",sw
162,"Mabara makubwa ni Asia, Afrika, Amerika Kusini na Amerika Kaskazini, Australia na Ulaya.",sw
163,Asia na Ulaya mara nyingi hutazamiwa wakati mwingine kama bara moja ya Eurasia.,sw
164,"AngahewaHewa iliyoko juu ya ardhi vile vile ina matabaka mbalimbali, na kila tabaka lina kazi yake.",sw
165,"Hewa kwa jumla ina masafa ya kiasi cha kilomita 560 au maili 348 kuendea juu, na baada ya hapo unaingia kwenye anga-nje.",sw
166,Hewa hiyo ndiyo inayokinga viumbehai na madhara ya Jua na mnururisho wa angani ambao unaingia anga ya dunia na kuteremka chini.,sw
167,Tazama pia Muundo wa duniaMadhara ya ongezeko la joto DunianiTanbihiMarejeoCesare Emilliani: Planet Earth.,sw
182,thumb|Maji ya bomba thumb|221x221px|Tone la maji.,sw
183,Maji ni kimiminika ambacho ni kiini cha uhai wowote duniani na pia kiini cha utamaduni wa binadamu.,sw
184,Hakuna mtu anayeweza kuishi bila maji kwa sababu asilimia 50 - 65 za mwili wa mwanadamu ni maji.,sw
185,Hata miili ya mimea na wanyama kwa kiasi kikubwa ni maji.,sw
186,Pia katika dunia maji yamechukua karibu robo tatu ya eneo lake lote (71.11%).,sw
187,Kwa hiyo maji ni kitu cha msingi sana.,sw
188,Kiasi kikubwa cha maji duniani ni maji ya chumvi katika bahari; maji matamu yanayoweza kutumiwa na binadamu na kwa kilimo ni asilimia ndogo tu ya maji kwenye Dunia.,sw
189,"Maji yana matumizi mengi nyumbani na katika uchumi: nyumbani maji hutumika katika kunywa, kuogea, kuoshea vitu na vyombo mbalimbali; kiuchumi maji yanatumika viwandani, kwa mfano kupoozea au kuoshea mashine, pia maji hutumika katika usafiri, kama vile meli za mizigo, za abiria na vinginevyo.",sw
190,Katika matumizi hayo pengine watu hutumia vibaya maji na vyanzo vyake ambavyo ni muhimu vitunzwe kwa kuwa tukiharibu vyanzo hivyo twaweza kuleta hali ya jangwa katika eneo hilo.,sw
191,"Maji kikemiathumb|268x268px|Samaki baharini Kikemia maji ni kampaundi ya elementi za oksijeni na hidrojeni, ikiunganisha atomi mbili za hidrojeni na atomi moja ya oksijeni kuwa molekuli ya H2O au maji.",sw
192,Jina la maji hutumika hasa kwa hali ya kiowevu ya H2O.,sw
193,Hali mango huitwa barafu na hali ya gesi huitwa mvuke.,sw
194,Yenyewe hayana rangi wala ladha au harufu.,sw
195,Maji huwa ni kiowevu kinachopatikana kwa wingi duniani.,sw
196,"Yajaza mito, maziwa na bahari.",sw
197,Zaidi ya theluthi mbili za uso wa dunia hufunikwa na maji.,sw
198,Maji katika historia ya binadamuUpatikanaji wa maji ulikuwa jambo muhimu katika historia ya utamaduni wa kibinadamu tangu mwanzo.,sw
199,Njia za maji zilikuwa kati ya njia za kwanza za mawasiliano kwa watu; mabonde ya mito inakata milima na kurahisisha usafiri.,sw
200,Hata kwa watu kwenye ngazi ya wawindaji kando ya mto au ya ziwa ilikuwa mahali muhimu walipopata wanyama waliokuja kunywa.,sw
201,Watu wenyewe walipanga makazi yao penye maji.,sw
202,"Binadamu walipoanza kulima maji kwa mashamba yalikuwa muhimu zaidi, hasa katika maeneo pasipo mvua ya mara kwa mara.",sw
203,"Wataalamu wengi huona kwamba ugawaji wa maji ulikuwa chanzo cha hisabati, sayansi na serikali.",sw
204,"Madola makubwa ya kwanza yametambuliwa katika mabonde ya mito kwenye nchi yabisi kama mto Naili, Frati na Hidekeli au Indus.",sw
205,"Haja ya kugawa maji, kujenga mifereji, kuitunza na kusimamia shughuli hizi zilileta haja ya kujenga uwezo wa kuhesabu, kutunza kumbukumbu, kuanzisha mwandiko na kuwa na vyombo vya utawala.",sw
206,"Njia za kukusanya, kugawa na kufikisha maji kwa watumiaji zimekuwa chanzo cha miundombinu katika nchi nyingi.",sw
207,thumb|Wakina mama wakiwa wanateka majiMatumizi ya majiKwa jumla maji ni moja ya vimiminika ambavyo hutumika sana katika maisha ya wanadamu kila siku.,sw
208,Maji yanaweza yakawa yanatumika kwa ajili ya matumizi ya nyumbani pia maji yanaweza kutumika kwa ajili ya matumizi ya kiuchumi katika sehemu mbalimbali.,sw
209,"Matumizi hayo ya maji yanaweza kuwaMaji kwa ajili ya matumizi ya nyumbani; maji nyumbani huweza kutumika katika kazi tofauti; moja ya kazi hizo ni kama vile kwa ajili ya kunywea, pia maji yanaweza kutumika kwa ajili ya kufanyia usafi katika mazingira ya nyumbani, kwa mfano kwenye kusafishia nyumba; maji hutumika katika kufulia nguo na kadhalika.",sw
210,Maji hutumika katika sekta ya kilimo; maji katika kilimo yanatumika katika kumwagilia pia maji yanatumika katika kuwanyesha wanyama na kuwasafisha na kazi nyingine nyingi.,sw
211,"Hutumika katika usafirishaji; upande wa usafirishaji maji yanayotumika ni vyanzo vikubwa vya maji kama vile bahari, mito, maziwa na kadhalika.",sw
212,"Watu na bidhaa mbalimbali husafirishwa kupitia maji kutumia vyombo vya majini kama vile meli, mitumbwi na pikipiki za majini.",sw
213,"Pia katika nchi mbalimbali vyanzo vya maji kama mito vinatumika katika usafirishaji wa magogoHutumika katika uzalishaji wa umeme; maji hutumika kuzalisha umeme kutokana na maporomoko ya maji au kutoka kwenye mabwawa makubwa, kwa mfano wa bwawa la Nyumba ya Mungu, Mtera, Kidatu na Kihansi nchini Tanzania.",sw
214,Uganda umeme huzalishwa katika maporomoko ya mto wa Nile.,sw
215,Maji hutumika kama chombo cha starehe; watu wengi hupenda kufanya maji kama chombo cha starehe pale waendapo kwenye fukwe za bahari kwa ajili ya kuogelea.,sw
216,"Maji yanatumika katika uvuvi wa samaki; vyanzo vya maji kama vile bahari na maziwa ni sehemu ambayo samaki au viumbe wa baharini huishi, kwa hiyo maji yanatumika katika kupata samaki na viumbe mbalimbali wa majini.",sw
217,"Maji hutumika katika ibada za dini mbalimbali kutokana na uenezi, umuhimu na maana yake kama mfano wa uhai na wa usafi.",sw
218,Viungo vya nje A web site about helping everyone drink clean waterJamii:Kemia Jamii:Utamaduni Jamii:Dini,sw
219,thumb|Punje za dhahabu jinsi zinavyopatikana kwenye ardhi au mtoni.,sw
220,"Dhahabu (kutoka Kiarabu ذهب, dhahab; pia: auri kutoka Kilatini aurum kama jina la kisayansi) ni elementi yenye namba atomia 79 katika mfumo radidia na uzani atomia ni 196.966569.",sw
221,Alama yake ni Au.,sw
222,Ni metali adili nzito yenye rangi ya njano nyeupe hadi njano nyekundu.,sw
223,"Kiwango chake cha kuyeyuka ni 1337,33 K (1064,18 °C).",sw
224,"Dhahabu haiathiriwi kwa urahisi kikemia: hii ndiyo sababu ya kung'aa kwa miaka mingi, kwa kuwa haishikwi na kutu.",sw
225,Ni kati ya metali za kwanza kutumiwa na wanadamu.,sw
226,Sababu yake ni kwamba dhahabu hupatikana kama metali tupu.,sw
227,"Atomi zake haziungani na elementi nyingi kuwa molekyuli ya dutu mpya, hivyo dhahabu haiozi kwa kushikwa na kutu.",sw
228,"Ni elementi chache zinazoweza kuathiri dhahabu, hasa halojeni kadhaa.",sw
229,Rangi yake ni ya kuvutia na tabia yake ya kuchongeka baridi kwa kuponda tu kuwa bati au waya iliwezesha watu mapema sana kuipa maumbo tofauti.,sw
230,"Ni metali laini, haifai kwa silaha au vifaa vya kazi lakini ilitumiwa tangu zamani kwa mapambo au kwa vyombo vya thamani katika utumishi wa kidini au wa kifalme.",sw
231,Kwa sababu ya kuwa metali haba ilitumiwa kama pesa.,sw
232,Upatikanaji wa dhahabu Kwa wastani kuna takriban gramu 4 za dhahabu katika tani 1000 za miamba kwenye ganda la dunia.,sw
233,Hali halisi kiwango hicho ni tofauti sana kati ya mahali na mahali.,sw
234,Kiasi kikubwa cha dhahabu kinapatikana kwa umbo la vipande au zaidi chembe ndogo sana ndani ya mwamba au mashapo (ambayo ni miamba iliyovunjika na kuwa imara tena).,sw
235,Sehemu ndogo ya dhahabu hiyo kutoka miamba na ardhi imebebwa na maji ya mito; hapo ilizama chini kutokana na uzito wake na ilikandamizwa mara nyingi kuwa kama mawe madogo ya dhahabu (kwa Kiingereza nuggets) yaliyopatikana katika mito na kuwa chanzo cha dhahabu nyingi iliyopatikana katika historia.,sw
236,Siku hizi dhahabu inatolewa katika migodi mikubwa ambako tani nyingi za ardhi au miamba yenye kiwango cha dhahabu cha kutosha zinachimbwa halafu dhahabu kutolewa kwa kutumia mbinu za kikemia.,sw
237,Viungo vya nje Atomic PropertiesGold InstituteJamii:Metali adimu Jamii:Metali Jamii:Elementi,sw
238,Fedha kwa maana ya malipo au sarafu angalia makala ya pesa thumb|Fedha Fedha (kutoka Kiarabu فضة; kisayansi pia: ajenti/agenti kutoka Kilatini argentum) ni elementi na metali yenye kifupi cha Ag na namba atomia 47 katika mfumo radidia.,sw
239,Uzani atomia ni 107.86.,sw
240,"Ajenti huyeyuka kwa 1234,93 K (961,78 °C) na kuchemka kwa 2435 K (2162 °C).",sw
241,Kiasili yatokea kama metali nyeupenyeupe na laini au kama mchanganyiko katika madini.,sw
242,Kati ya metali zote fedha ni wayaikaji na inapitisha vizuri umeme.,sw
243,Fedha - PesaHuhesabiwa kati ya metali adimu na katika historia imetumiwa mara nyingi kama metali ya kutengenezea sarafu.,sw
244,Kwa sababu hiyo mara nyingi kwa Kiswahili neno fedha linatumiwa sawa na pesa au sarafu.,sw
245,Jamii:Metali adimu Jamii:Elementi,sw
246,Chuma (kisayansi pia: feri kutoka Kilatini ferrum; kifupi: Fe) ni elementi na metali inayopatikana kwa wingi duniani.,sw
247,Kikemia ni elementi mpito yenye namba atomia 26 katika mfumo radidia.,sw
248,Chuma ni kati ya metali muhimu sana duniani.,sw
249,Chuma ni msingi wa feleji (chuma cha pua) ambayo ni uti wa mgongo wa maendeleo ya kiteknolojia ya miaka 100 iliyopita.,sw
250,Asilimia 95 ya vifaa vote vya metali vinavyotengenezwa duniani ni chuma.,sw
251,Udhaifu wa chuma kwa matumizi yake ni tabia yake ya kubadilika kuwa kutu.,sw
252,Madini chuma ni muhimu sana katika mwili wa binadamu na wanyama.,sw
253,Upungufu wake ni wa kawaida sana duniani na unasababisha maradhi mbalimbali kuanzia upungufu wa wekundu wa damu na hatimaye wa damu yenyewe.,sw
254,Kwa mfano nchini Tanzania asilimia 58 za watoto wenye umri wa chini ya miaka mitano wana upungufu huo .,sw
255,"Utatuzi wa tatizo hilo ni kula vitu vyenye chuma kwa wingi kama nyama za ndani (ini, figo, moyo), dagaa na samaki wengine, lakini pia mboga kama matembele, mnavu, mchicha, kisamvu na mlenda.",sw
256,"Kula matunda yenye uchachu kama vile machungwa, ubuyu na ukwaju pamoja na vitu hivyo kunarahisisha ufyonzwaji wa madini chuma.",sw
257,Ni kinyume chake kwa unywaji wa chai na kahawa wakati wa mlo.,sw
258,PichaTanbihiViungo vya Nje Video kuhusu chuma toka Chuo Kikuu cha NottinghamMakala kuhusu chuma iliyoandikwa na J.B. CalvertJamii:Elementi Jamii:Metali Jamii:Afya,sw
259,Mbwa (Canis lupus familiaris) ni mnyama anayefugwa na binadamu tangu muda mrefu.,sw
260,Kibiolojia anahesabiwa kati ya mamalia wala nyama.,sw
261,UtanguliziMbwa-kaya ni jamii ya mbwa mwitu wanaohusishwa na binadamu.,sw
262,"Mbwa wamekuwa pamoja na binadamu kwa muda mrefu, wakisaidia kazi mbalimbali na kuwa kampani ya binadamu.",sw
263,"Mbwa wamekuwa na thamani kubwa sana kwa binadamu wa kale walisaidia ulinzi, uwindaji, kuchunga mifugo, kusaidia polisi na wanajeshi, mpaka kuwasaidia watu wenye ulemavu.",sw
264,Tabia hizi zinawafanya kuonekana ndio wanyama rafiki wa binadamu kuliko wengine wote.,sw
265,Mpaka sasa inakadiriwa kuna mbwa milioni 400 duniani kote.,sw
266,Watu na mbwaWatu wametumia mbwa kulingana na utamaduni wao kwa njia mbalimbali kama mnyama wa kazi akilinda nyumba na mifugo au kubeba mzigo.,sw
267,Waeskimo wa Aktiki wanatumia mbwa kwa usafiri wakivuta sleji yaani vitoroli vinavyoteleza juu ya barafu.,sw
268,"Watu wa China Kusini, Korea na Vietnam wanakula nyama ya mbwa.",sw
269,Inakadiriwa kuwa mbwa kati ya milioni 13-16 huliwa kila mwaka katika bara la Asia.,sw
270,Mara nyingi mbwa wanafugwa nyumbani kama wanyama wa kusindikiza watu tu wakitazamiwa kama marafiki.,sw
271,Kinyume chake katika utamaduni mwingine mbwa anaangaliwa kama najisi.,sw
272,Mbwa wametumiwa kwa kazi nyingi:Wanalinda nyumba za watu.,sw
273,"Wanaangalia na kulinda mifugo kwa mfano kondooWanaongoza watu vipofu, wanasaidi polisi, wanatafuta madawa ya kulevya au mabomu yaliyofichwa.",sw
274,Kiumbe cha kwanza kilichotoka duniani alikuwa mbwa jike Laika aliyerushwa angani tar.,sw
275,3 Novemba 1957 kwa chombo cha angani cha kirusi Sputnik 2 akafa huko siku ileile.,sw
276,"TabiaKutokana na historia ndefu ya kufugwa na uteuzi wa kibinadamu kuna aina nyingi za mbwa wanaoonyesha miili tofautitofauti, hata hivyo mbwa wote ni spishi moja tu na wote wanaweza kuzaliana.",sw
277,Mbwa huwa na uwezo mzuri wa kusikia na kunusa lakini hawaoni vizuri sana hasa rangi.,sw
278,Wanaweza kusikia sauti kwa umbali wa kilomita kadhaa.,sw
279,Mbwa wengi hufikia umri wa kati ya miaka 10 na 13.,sw
280,Kiasili mbwa waliishi katika makundi yenye ufuatano wa vyeo.,sw
281,Mbwa mkuu huitwa dume alfa.,sw
282,Mbwa wakiishi pamoja na binadamu wanawakubali kama mbwa wenye cheo cha juu.,sw
283,"Utafiti unaonyesha kuwa, kutokana na kuishi na binadamu wa muda mrefu, mbwa wana uelewa wa pekee wa tabia za binadamu.",sw
284,"Mbwa-kaya wanaweza kuishi kwa kula chakula cha wanga tu, wakati aina nyingine za mbwa haziwezi.",sw
285,"MwiliMbwa wamekuwa wakikuzwa kwa makusudi mbalimbali duniani, kutokana na uwezo wao wa hisia na kutumia maungo yao.",sw
286,"Mbwa hutofautiana sana kwa vizazi vyao, hasa katika muonekano, ukubwa, uzito na tabia kuliko wanyama wengine wowote.",sw
287,"Hata hivyo maungo yao yanasimama kwa ajili yao, mbwa mwitu wa kafiawia.",sw
288,"Mbwa hula nyama kwa kuwinda, na mabaki, na kama ilivyo kwa wanyama wengi wala nyama (wawindaji), mbwa wana misuli yenye nguvu, mifupa inayomruhusu kuruka na uvumilivu pamoja na meno kwa ajili ya kukamata na kurarua.",sw
289,"Kuona Kama ilivyo kwa wanyama wengi, mbwa huwa hawaoni rangi zote kama binadamu, na badala yake kwa buluu na nyekundu tu.",sw
290,Uoni wa mbwa umeimarika kutokana na shughuli zake za uwindaji.,sw
291,"Hata hivyo mbwa wameonekana mahiri zaidi katika utambuzi wa vitu vilivyo katika mwendo, hasa pale wanapowatambua wamiliki wao, hata wakiwa kilometa moja kutoka kwa mbwa.",sw
292,"KusikiaUwezo wa kusikia wa mbwa ni zaidi ya ule wa binadamu, hivyo mbwa huweza kusikia hata sauti ndogo kabisa ambazo binadamu hawezi kuzisikia.",sw
293,"Wana uwezo mkubwa sana wa kujua hata sehemu ilipotokea sauti Wana misuli kumi na nane inayoweza kugeuza, kuinua, kushusha na kuzungusha masikio.",sw
294,"ChakulaPamoja na kuwa na asili ya mbwa mwitu ambao ni wala nyama, chakula cha mbwa ni cha aina mbalimbali na sio nyama pekee.",sw
295,Licha ya nyama mbwa hula mboga na nafaka.,sw
296,Kiafya haishauriwi kuwapa mbwa chakula cha nyama peke yake kutokana na ukosefu wa madini ya chuma na kalsiamu.,sw
297,"Ukilinganisha na mbwa mwitu, mbwa-kaya wana uwezo mkubwa wa kula vyakula vya wanga.",sw
298,Dini na tamaduniKwenye dini na utamaduni wa Kiyahudi mbwa hutunzwa kama wanyama wengine wanaoishi na binadamu.,sw
299,"Sheria ya Kiyahudi inahitaji Wayahudi kulisha mbwa (na wanyama wengine) kabla yao wenyewe, na kupanga jinsi ya kuwalisha kabla ya kuanza kuishi nao.",sw
300,"Katika Ukristo, mbwa huonekana kama alama ya uaminifu.",sw
301,"Katika dini ya Uislamu, mbwa huonekana kama najisi.",sw
302,"Huko Uchina, Korea na Japani, mbwa huchukuliwa kuwa walinzi.",sw
303,FilamuFilamu mbalimbali zimetolewa kuhusu mbwa.,sw
304,"Mojawapo ni The Fox and the Hound (kwa Kiswahili: Mbweha na Mbwa), filamu ya katuni iliyotolewa mwaka wa 1981.",sw
306,la binadamu.,sw
307, ya kuungwa ya nzi.,sw
308,Jicho ni sehemu ya mwili inayowezesha kuona.,sw
309,Ni ogani inayotambua mwanga na kutuma habari zake kwa ubongo.,sw
310,Aina za macho ya viumbehaiKuna mifumo mbalimbali ya macho kati ya aina mbalimbali za wanyama.,sw
311,Macho ya kimsingi kwa viumbehai vidogo yanatambua tu kama mazingira yana mwanga au la.,sw
312,Hata kati ya viumbehai wenye seli moja kuna wenye protini zinazotofautisha giza na nuru.,sw
313,Kuna konokono ambao hawawezi kuona picha ya mazingira lakini wanatambua mwanga na uwezo huu unawawezesha kuepukana na mwanga wa jua ambao ungewakausha.,sw
314,Macho yaliyoendelea kiasi yana umbo kama kikombe na hili linawezesha kutambua upande gani nuru inatokea.,sw
315,Wanyama wengi huwa na macho yaliyoendelea zaidi: yana uwezo wa kuona picha halisi ya mazingira pamoja na rangi na mwendo.,sw
316,thumb||Jicho la nzi (drosophila) chini ya hadubini; lenzi ya kila omatidi inaonekana kama nusu tufe.,sw
317,Macho ya kuungwaWadudu na arthropoda huwa na macho ya kuungwa na vijicho vingi vidogo vinavyoitwa omatidi; kila kijicho huwa na umbo la kijiti na kwenye mwisho wake kuna lenzi ya chitini.,sw
318,Mdudu anaweza kuwa na vijicho elfu kadhaa na picha ya mazingira inaunganishwa kutokana na picha nyingi ndogo za kila kijicho.,sw
319,Macho haya ya kuungwa yanamwezesha mdudu kuangalia asilimia kubwa ya mazingira yake: kwa aina kadhaa hata nyuma yake.,sw
320,Macho ya kuungwa yanaweza kufunika hadi asilimia 80 ya eneo la kichwa.,sw
321,Mdudu haoni vikali kama mtu lakini anaona mabadiliko na mwendo haraka sana.,sw
322,Wanyama wanaoishi katika vilindi vya bahari penye giza nene huwa na macho ambamo fuwele ziko kama kioo na kupazia nuru hafifu.,sw
323,Kuna wanyama wanaoweza kuona nuru ambayo ni nje ya upeo wa kibinadamu; kwa mfano nyuki huona mnururisho wa infraredi.,sw
324,Macho ya mamaliaMacho ya binadamu kama ya mamalia wengine huwa na lenzi moja tu.,sw
325,"Lakini muundo wa jicho unaruhusu kuona rangi, umbali na mengi madogo.",sw
326,"Shida za machoShida za macho ni nyingi kama vile upofu, kutoona rangi, macho kujiliza, wekundu uliokithiri pamoja na kutoa majimaji.",sw
327,"Shida hizo huletwa na vumbi, kuzaliwa ukiwa kipofu, jua jingi bila kuvalia miwani vizuia jua.",sw
329,thumb|Bilauri ya maziwa thumb|Mwana mbuzi ananyonya maziwaMaziwa ni kiowevu cheupe kinachotolewa na majike wa mamalia kama lishe kwa ajili ya watoto wao.,sw
330,Wanyama wadogo hulishwa maziwa katika miezi ya kwanza ya maisha yao hadi kuzoea chakula cha kawaida.,sw
331,"Nje ya lishe ya wanyama changa, maziwa hutumiwa na binadamu kama kinywaji na chakula.",sw
332,"Watu hufuga wanyama wanaotoa maziwa, hasa ng'ombe, kwa kusudi la kukamua maziwa yao.",sw
333,"Wanyama wengine wanaofugwa na kukamuliwa kwa maziwa yao ni mbuzi, kondoo na ngamia, farasi, punda na nyati.",sw
334,Maziwa hunyewa au kuungwa katika upishi wa chakula.,sw
335,Tatizo la matumizi ya maziwa ni ya kwamba yanabadilika haraka.,sw
336,Inakamuliwa pamoja na vidubini ndani yake na pia vidubini vilivyomo hewani hupenda kuingia ndani yake kwa sababu maziwa yana lishe nyingi.,sw
337,Vidubini hivi vinasababisha kuchachuka kwa maziwa; mara nyingi ladha inaweza kubadilika kwa namna isiyotakiwa.,sw
338,Kwa hiyo maziwa yanayotolewa kwenye viwanda vya maziwa hupata upasteurishaji na hutunzwa kwenye baridi chini ya kiwango cha sentigredi 7.,sw
339,"Katika mazingira asilia maziwa yaliyochachuka hunyewa au, kama yameganda, huliwa.",sw
340,Katika nchi nyingi maziwa hugandishwa na kukaushwa kuwa jibini.,sw
341,Maziwa katika umbo la jibini hutunzwa muda mrefu na ni chakula bora.,sw
342,Njia nyingine ya kutunza maziwa ni kuondoa maji ndani yake kabisa na kutunza unga la maziwa.,sw
343,Mafuta ya maziwa hutolewa mara nyingi kuwa krimu au siagi.,sw
344,Jamii:Chakula Jamii:Vinywaji,sw
345,"thumb|Henry Moseley (1887–1915) MkemiaMfumo radidia (pia: jedwali la elementi, :en:Periodic table of elements) ni mpangilio wa elementi za kikemia kufuatana na namba atomia.",sw
346,Mpangilio huanza na namba ndogo.,sw
347,Namba atomia yatokana na idadi ya protoni katika kiini cha atomi.,sw
348,Elementi hupangwa kwa radidi (periodi) na makundi.,sw
349,Kuna radidi 7 zinazoonekana kama mstari wa kulala katika mpangilio huo.,sw
350,Kati ya radidi saba radidi na.,sw
351,1 ina elementi mbili tu yaani hidrojeni na heli.,sw
352,Radidi na.,sw
353,2 na radidi na.,sw
354,"3 zote zina elementi 8, kuna pia radidi kubwa zaidi.",sw
355,Makundi yaonekana katika nguzo za kusimama.,sw
356,Kuna makundi 18.,sw
357,Elementi ndani ya kundi moja zina idadi sawa za elektroni za nje yaani kwenye mzingo elektroni wa nje.,sw
358,Kwa hiyo tabia zao zinafanana kikemia.,sw
359,"Kwa mfano, kundi la 18 launganisha gesi zisizoathiri elementi nyingine kama vile heli, xenoni na arigoni.",sw
360,"Mfumo radidia ilianzishwa na wanakemia wawili mnamo mwaka 1869, ingawa Mrusi Dimitri Mendeleev (1834-1907) na Mjerumani Julius Lothar Meyer (19 Agosti 1830 - 11 Aprili 1895) walifanya kazi kila mmoja peke yake.",sw
361,Mfumo radidia wa elementi thumb|Dmitri Mendeleev (1834–1907) Mkemia UnururifuElementi ndani ya mistari kamili zina isotopi thabitiElementi ndani ya mistari iliyovunjika zapatikana kama isotopi nururishi tuElementi ndani ya mistari ya nukta hazipatikani kiasili kwa sababu kiwango cha unururifu ni kubwa kiasi hazidumu hivyo zatengenezwa kwa mitambo (Elementi sintetiki)Elementi bila mistari hazikupatikana bado zimekadiriwa tu.,sw
362,Mfululizo safu wa kikemia katika mfumo radidiaMetali alikaliMetali za udongo alikaliniLanthanidiAktinideMetali mpitoMetaliMetaloidiSimetaliHalojeniGesi adimuTovuti za nje Mfumo radidia - jedwali bora lililopo kwenye intaneti!,sw
363,"ina nafasi nyingi kuchagua lugha, isotopi, tabia, kampaundi n.k.",sw
364,Jamii:Fizikia Jamii:Kemia * Jamii:Elementi,sw
365,"Binadamu (pia mwanadamu) ni neno lenye asili ya Kiarabu linalomaanisha Mwana wa Adamu, anayeaminiwa na dini za Uyahudi, Ukristo na Uislamu kuwa ndiye mtu wa kwanza.",sw
366,"Binadamu kadiri ya sayansiKisayansi jina hilo linaweza kutumika kwa maana ya Homo sapiens ili kumtofautisha na viumbehai wengine wa jenasi Homo ambao wote walitoweka walau miaka 12,000 hivi iliyopita.",sw
367,Watu wote walioko leo hii ni spishi ileile na tofauti zinazoonekana kati ya maumbile yao katika sehemu mbalimbali za dunia ni ndogondogo tu.,sw
368,"Utafiti juu ya DNA umethibitisha kwamba binadamu wote wametokana na watu waliokuwepo Afrika walau miaka 300,000 hivi iliyopita.",sw
369,"Kwa namna ya pekee, upimaji wa DNA ya mviringo, ambayo kila mmoja anarithi kwa mama tu, umeonyesha kuwa binadamu wote waliopo duniani wanachanga mama mmoja aliyewahi kuishi miaka 160,000 hivi iliyopita.",sw
370,"Halafu upimaji wa kromosomu Y, ambayo kila mwanamume anarithi kwa baba tu, umeonyesha kuwa wanaume wote waliopo duniani wanachanga baba mmoja aliyewahi kuishi walau miaka 120,000 hivi iliyopita, kidogo tu kabla ya watu kuanza kuenea katika bara la Asia labda kufuatia pwani za Bahari ya Hindi.",sw
371,"Hata hivyo, miaka hii ya mwisho imegundulika katika baadhi ya wanaume wenye asili ya makabila ya Wabangwa na Wambo (Camerun, Afrika ya Kati) aina ya kromosomu Y tofauti sana na ile ya wanaume wengine wote waliowahi kupimwa, kiasi cha kukadiria zimetofautiana miaka 350,000 hivi iliyopita.",sw
372,"Vilevile, upimaji wa DNA ya mstari kwa jumla umeonyesha uwezekano wa kwamba baadhi ya binadamu wa leo, wale wasio wa Kusini kwa Sahara, wana asilimia 1-6 ya urithi wa kibiolojia kutoka kwa aina nyingine za Homo, hususan Homo neanderthalensis, ile ya pango la Denisova na ile iliyorithiwa na baadhi ya watu wa visiwa vya Andaman (India).",sw
373,Kama hao waliweza kweli kuzaliana na Homo sapiens na kuacha uzao uliojiendeleza maana yake walikuwa spishi moja na yeye.,sw
374,"Hapo asili ya binadamu inatakiwa kuhesabiwa ya zamani zaidi sana kuliko miaka 200,000 iliyofikiriwa kwanza.",sw
375,"Uenezi wa binadamuKutoka bara la Africawatu walienea kwanza Asia , Australia na Ulaya, halafu Amerika toka kaskazini hadi kusini.",sw
376,"Hatimaye, katika karne ya 20 watu walikwenda kukaa kwa muda katika bara la Antaktika kwa ajili ya utafiti.",sw
377,"Upekee wakeIngawa binadamu ana undugu mkubwa wa kibiolojia na sokwe na viumbe vingine, ustawi wake hauna mfano, kiasi cha kufanya wengi waamini kwamba tofauti iliyopo inadai kuelezwa kwa uwemo wa roho ndani ya mwili wake; roho ambayo dini hizo zinasadiki imetiwa na Mungu moja kwa moja.",sw
378,"Binadamu kadiri ya BibliaKadiri ya Biblia, binadamu ameumbwa “kwa mfano wa Mungu” (Mwa 1:27), mwenye roho isiyokufa.",sw
379,"Hivyo, Mungu amependa kuwasiliana na watu, akijitambulisha na kujitoa kwetu, tuweze kuishi katika urafiki naye na hatimaye tushiriki heri yake.",sw
380,Ameshirikishwa naye ukuu juu ya viumbe vyote vinavyoonekana.,sw
381,"“Nikiziangalia mbingu zako, kazi ya vidole vyako, mwezi na nyota ulizoziratibisha; mtu ni kitu gani hata umkumbuke, na binadamu hata umwangalie?",sw
382,Umemfanya mdogo punde kuliko Mungu; umemvika taji ya utukufu na heshima” (Zab 8:3-5).,sw
383,"“Siwaiti tena watumwa; kwa maana mtumwa hajui atendalo bwana wake; lakini ninyi nimewaita rafiki, kwa kuwa yote niliyoyasikia kwa Baba yangu nimewaarifu” (Yoh 15:15).",sw
384,"Amefanya hivyo kwa maneno na matendo yanayoshikamana sana kwa kuwa maneno yanafafanua matendo, nayo matendo yanathibitisha maneno.",sw
385,Mungu ametufunulia pia ukweli juu yetu wenyewe akijibu kabisa maswali yanayotusumbua kuhusu maana na lengo la maisha yetu.,sw
386,"“Mungu hutaka watu wote waokolewe, na kupata kujua yaliyo kweli” (1Tim 2:4).",sw
387,"“Mungu si mtu, aseme uongo” (Hes 23:19).",sw
388,Yeye hadanganyiki wala hadanganyi.,sw
389,"Kati ya viumbe vinavyoonekana, mtu tu ni nafsi, akiwa na uwezo wa kujifahamu, kujitawala, kujitolea na kupendana na wengine.",sw
390,"Basi, anapaswa kulinda hadhi hiyo asitawaliwe na tamaa za kila aina.",sw
391,Akifanya hivyo anatimiza mpango wa Mungu juu yake na kupendana naye.,sw
392,Malaika na watu ndio viumbe pekee vyenye hiari ya kuchagua wenyewe wachangie mpango wa Mungu au la.,sw
393,"“Nazishuhudiza mbingu na nchi juu yenu hivi leo, kuwa nimekuwekea mbele yako uzima na mauti, baraka na laana; basi, chagua uzima, ili uwe hai, wewe na uzao wako; kumpenda Bwana, Mungu wako, kuitii sauti yake, na kushikamana naye; kwani hiyo ndiyo uzima wako” (Kumb 30:19-20).",sw
394,Malaika na watu wanaweza kuchagua hata wawe wema au wabaya milele.,sw
395,"“Kulikuwa na vita mbinguni: Mikaeli na malaika zake wakapigana na yule joka, yule joka naye akapigana nao pamoja na malaika zake; nao hawakushinda, wala mahali pao hapakuonekana tena mbinguni” (Ufu 12:7-8).",sw
396,Chaguo letu binadamu linafanyika siku kwa siku kwa kuchukua misimamo mizuri au mipotovu kuhusu dini na maadili.,sw
397,"“Mwayachunguza Maandiko, kwa sababu mnadhani kwamba ninyi mna uzima wa milele ndani yake; na hayo ndiyo yanayonishuhudia.",sw
398,Wala hamtaki kuja kwangu mpate kuwa na uzima” (Yoh 5:39-40).,sw
399,"Binadamu ni umoja wa mambo mawili: roho iliyoumbwa na Mungu moja kwa moja, na mwili ulioumbwa naye kwa njia ya wazazi.",sw
400,"Maumbile hayo yanatakiwa kukamilika kwa kupokea na kutimiza upendo wa Mungu aliyesema, “’Na tufanye mtu kwa mfano wetu, kwa sura yetu; wakatawale samaki wa baharini, na ndege wa angani, na wanyama, na nchi yote pia, na kila chenye kutambaa kitambaacho juu ya nchi’.",sw
401,"Mungu akaumba mtu kwa mfano wake, kwa mfano wa Mungu alimwumba, mwanamume na mwanamke aliwaumba” (Mwa 1:26-27).",sw
402,"Hivyo, mwili wetu ni muhimu, kwa sababu umeumbwa na Mungu, umetwaliwa na Mwanae ili atuokoe, umehuishwa na Roho Mtakatifu atakayeutukuza siku ya ufufuo kwa mfano wa Yesu.",sw
403,"“Mwili si kwa zinaa, bali ni kwa Bwana, naye Bwana ni kwa mwili.",sw
404,"Naye Mungu alimfufua Bwana, na tena atatufufua sisi kwa uweza wake.",sw
405,"Je, hamjui ya kuwa miili yenu ni viungo vya Kristo?",sw
406,Basi nivitwae viungo vya Kristo na kuvifanya viungo vya kahaba?,sw
407,Hasha!,sw
408,"Au hamjui ya kuwa yeye aliyeungwa na kahaba ni mwili mmoja naye?… Au hamjui ya kuwa mwili wenu ni hekalu la Roho Mtakatifu aliye ndani yenu, mliyepewa na Mungu?” (1Kor 6:13-16,19).",sw
409,"Utotoni anasukumwa tu na haja za umbile lake, ambazo ni muhimu kwake na anazilenga bila ya kuhitaji juhudi.",sw
410,"Lakini akikua anaanza kutambua tunu za maadili na dini, ambazo ni njema, ni muhimu kwa zenyewe na zinamdai azifuate kwa nia imara hadi afikie lengo.",sw
411,"Kwa bidii za kudumu za namna hiyo anamlenga hasa Mungu, wema mkuu.",sw
412,"Anapopitia misukosuko ya ujana asikubali kushindwa na vionjo wala asikate tamaa, kwa kuwa Mungu amemuumba atawale hata nafsi yake na mwili wake.",sw
413,"Mtu wa kwanza kuumbwa na Mungu kadiri ya Biblia alikuwa Adamu, akifuatwa na Eva mkewe.",sw
414,"Hapo “Mungu aliona kila kitu alichokifanya, na tazama ni chema sana” (Mwa 1:31).",sw
415,"Hata hivyo, baada ya dhambi ya asili anadaiwa bidii katika kutekeleza tunu ili wema alionao uzae matunda.",sw
416,"Basi, apanie kukuza wema aliojaliwa ili kesho awe mtu bora kama mzazi, raia, kiongozi wa dini na jamii n.k.",sw
417,Penye nia pana njia hata ya kuelekea utakatifu utakaokamilika katika uzima wa milele.,sw
418,"Binadamu amekabidhiwa na Mungu dunia, lakini hasa amekabidhiwa nafsi yake mwenyewe.",sw
419,"Itamfaa nini kujua na kutawala ulimwengu, asipojijua na kujitawala kweli?",sw
420,Binadamu na elimunafsiaKarne XX imeleta maendeleo makubwa katika elimunafsia (= saikolojia).,sw
421,Hivyo anaweza kutambua vizuri mema na mabaya yaliyomo ndani mwake.,sw
422,Lakini akitaka kujifahamu haitoshi asikilize mafundisho hayo au kusoma vitabu vingi juu yake.,sw
423,"Anahitaji kuishi katika mazingira bora ambapo ajisikie nyumbani, huru na mtulivu kwa kupendana na wenzake, kusikiliza watu wanaomfahamu (hasa walezi wake) wanasema nini juu yake, kujipatia muda wa kutulia peke yake na kujifikiria kulingana na maneno yao, kujichunguza kwa makini kuanzia miaka ya utotoni.",sw
424,"Kwa kuwa utu unategemea urithi, mazingira na utashi wa kila mmoja, anapaswa kuchunguza hayo yote yaliyochangia kumjenga.",sw
425,"Mara kwa mara ajitenge na watu na shughuli ili kutathmini tena maisha yake, kupima maono yake na kuweka maazimio ya kufaa, bila ya kusahau kwamba uhai wake ni fumbo, kwa kuwa unamtegemea Mungu.",sw
426,Tazama piaMtu wa kwanza alitoka wapiTanbihiViungo vya nje Jamii:Jamii Jamii:Binadamu Jamii:Binadamu na jamaa Jamii:Biolojia Jamii:Saikolojia Jamii:Biblia,sw
427,Muhindi (pia: mhindi) ni mmea wa familia ya nyasi katika ngeli ya monokotiledoni.,sw
428,Mbegu za mhindi ni mahindi ambayo ni chakula muhimu katika sehemu nyingi za dunia pamoja na Afrika ya Mashariki na Afrika ya Kusini.,sw
429,Asili ya muhindiMhindi ni kati ya nafaka ya kwanza kulimwa kama chakula cha binadamu.,sw
430,Asili yake ni Amerika ya Kati ulipogundiliwa naMaindio.,sw
431,Wahispania walipeleka nafaka hii Ulaya; taarifa za kwanza za mashamba ya muhindi katika Hispania zilipatikana mwaka 1525 yaani miaka michache tu baada ya safari ya Kolumbus.,sw
432,Katika Afrika mmea huu ulifika kupitia Wareno.,sw
433,Maelezo ya jina la muhindi/mhindi yaani etimolojia yake kuna wezekano mkubwa ya kwamba jina hili linahifadhi imani ya Wazungu ya kuwa Kolumbus alifika Uhindini ya Asia na Wahispania pamoja na Wareno waliendelea kuita nchi mpya India kwa miaka mingi.,sw
434,Hivyo nafaka kutoka India ile iliingia katika Kiswahili kwa jina lililolingana na imani ya Wareno kuhusu asili yake.,sw
435,Jina hili ni sawa na jina la Kifaransa froment des Indes (ngano ya Uhindi) au Indian corn jinsi inavyoitwa katika Kiingereza cha Marekani (kwa kawaida leo kifupi corn).,sw
436,Lakini katika nchi nyingi jina la Kiindio la maiz limeenea kutoka neno la Kiindio mahiz katika lugha ya taino kwenye kisiwa cha Haiti.,sw
437,Ilhali historia ya kufika kwa muhindi katika Afrika ya Mashariki haijulikani kikamilifu kuna pia uwezekano ya kwamba wenyeji walijua ni nafaka kutoka mbali na wenyewe walichagua jina Uhindi kama ishara ya asili ya mbali.,sw
438,TabiaMuhindi ni nafaka inayolimwa kwa wingi zaidi duniani.,sw
439,Mavuno ya dunia ya mwaka 2005 yalileta matokeo yafuatayo: mahindi tani milioni 710.3; mchele tani milioni 628.5 na ngano tani milioni 620.0.,sw
440,Sababu ya kupendelea muhindi ni kivuno kikubwa.,sw
441,Dunia muhindi inaleta kwa wastani mahindi tani 47.5 kwa hektari moja.,sw
442,Hii inashinda mpunga unaoleta mchele wastani tani 40/ha na ngano yenye tani 29/ha.,sw
443,Kwa jumla kuna tofauti katika matumizi: - nchi za viwanda hulima muhindi hasa kama chakula cha wanyama; hapa mhindi wote huvunwa ukitumiwa kama sileji.,sw
445,MarejeoJamii:Nyasi na jamaa Jamii:Mimea ya mazao Jamii:Nafaka,sw
446,"Kwa Wali kama cheo tazama liwaliWali ni chakula kitokanacho na nafaka, hasa mbegu ya mpunga inayoitwa mchele, baada ya kazi ya kuikoboa yaani kutoa maganda yake.",sw
447,"Neno wali hutumiwa pia kwa nafaka za mtama au ngano zikipikwa, lakini kwa kawaida watu huelewa wali wa mchele.",sw
448,Wali ni kati ya vyakula muhimu zaidi duniani.,sw
449,Kama chakula cha watu inashindana kidunia na ngano.,sw
450,Hasa watu wa Asia ya Mashariki na Asia ya Kusini hutegemea wali kama chakula cha kila siku.,sw
451,"Katika Afrika wali ni chakula cha pekee kwa watu wengi, isipokuwa pale ambako mpunga unalimwa.",sw
452,Nje ya hapo wali ni chakula cha sikukuu au cha nafasi ya pekee au ya matajiri.,sw
453,Katika Afrika ya Mashariki chakula kinachopendwa ni kuku kwa wali au samaki kwa wali.,sw
454,Chakula cha pekee kabisa ni pilau ambayo ni wali unaochanganywa na viungo maalumu na nyama.,sw
455,Upishi Kuna njia mbalimbali za kupika wali.,sw
456,Mara nyingi hupikwa katika maji.,sw
457,"Wapishi hupima kikombe kimoja cha mpunga na vikombe viwili vya maji na kupika hadi maji yamekwisha, hapo basi wali huwa umeiva.",sw
458,Wengine hupendelea kuonja mara kwa mara mpaka wameridhika.,sw
459,"Kuna pia sufuria za umeme maalum, hasa kwa upishi wa wali.",sw
460,Katika nchi kama Hispania mpunga kwanza hukaangwa katika mafuta na maji huongezwa baadaye.,sw
461,Watu wengine wanapendelea kutumia supu badala ya maji kwa kuongeza utamu wa wali.,sw
462,Wengine hutumia pia tui la nazi.,sw
463,Aina mbalimbali za mpunga huleta vyakula tofauti.,sw
464,Kuna wali unaotokea laini sana na aina nyingine unatokea imara zaidi.,sw
465,MarejeoViungo vya nje Mapishi Afrika Mashariki ya wali wa naziJamii:Chakula,sw
